Workbook

Sheet Overview
A1: APEX — Balance Sheet
A2: Blue cells are inputs you tune. Black cells are formulas. Green cells pull from other sheets. Edit blue cells, values recalculate.
A4: Design Targets
A5: Target Run Length (min) | B5: 15
A6: Target Standard-Run Final Level | B6: 25
A7: Hammer Share of Picks | B7: 0.333 | D7: 1-in-3 picks contain a hammer on average
A9: XP Curve Knobs
A10: XP To Reach Level 2 (base) | B10: 10
A11: XP Growth Factor Per Level | B11: 1.15 | D11: Each level requires this × the previous level's XP. 1.15 = +15% per level.
A13: Kill Rate & XP Economy
A14: Avg Enemies Killed Per Minute | B14: 120
A15: Avg XP Per Enemy Kill | B15: 0.7 | D15: Weighted average across all archetypes. Tune so 'Required Avg XP / Kill' (below) matches this.
A17: Derived — Sanity Checks
A18: Average Seconds Per Level | B18: =B5*60/(B6-1) -> 37.5 | D18: How often the level-up popup fires at target pace
A19: Total XP To Reach Final Level | B19: ='XP Curve'!C27 -> 1841.6784 | D19: Cumulative XP from level 1 to final level; pulls from XP Curve sheet
A20: Expected Total Kills Per Run | B20: =B5*B14 -> 1800
A21: Required Avg XP Per Kill | B21: =B19/B20 -> 1.0231547 | D21: If this ≠ the 'Avg XP Per Enemy Kill' input, re-tune.
A22: Variance vs Input (should be ≈0) | B22: =B21-B15 -> 0.32315467
A24: Pick Composition Summary
A25: Total Picks Per Standard Run | B25: =B6-1 -> 24
A26: Expected Hammer Picks | B26: =ROUND(B25*B7,0) -> 8
A27: Expected Passive Picks | B27: =B25-B26 -> 16

Sheet XP Curve
A1: XP Required Per Level
A3: Level | B3: XP To Next Level | C3: Cumulative XP | D3: % of Total | E3: Approx Time (min)
A4: 1 | B4: =Overview!B10 -> 10 | C4: =B4 -> 10 | D4: =C4/INDEX($C$4:$C$33,Overview!$B$6-1) -> 0.0054298296 | E4: =C4/(Overview!$B$14*Overview!$B$15) -> 0.11904762
A5: 2 | B5: =B4*Overview!B11 -> 11.5 | C5: =C4+B5 -> 21.5 | D5: =C5/INDEX($C$4:$C$33,Overview!$B$6-1) -> 0.011674134 | E5: =C5/(Overview!$B$14*Overview!$B$15) -> 0.25595238
A6: 3 | B6: =B5*Overview!B11 -> 13.225 | C6: =C5+B6 -> 34.725 | D6: =C6/INDEX($C$4:$C$33,Overview!$B$6-1) -> 0.018855083 | E6: =C6/(Overview!$B$14*Overview!$B$15) -> 0.41339286
A7: 4 | B7: =B6*Overview!B11 -> 15.20875 | C7: =C6+B7 -> 49.93375 | D7: =C7/INDEX($C$4:$C$33,Overview!$B$6-1) -> 0.027113175 | E7: =C7/(Overview!$B$14*Overview!$B$15) -> 0.5944494
A8: 5 | B8: =B7*Overview!B11 -> 17.490063 | C8: =C7+B8 -> 67.423812 | D8: =C8/INDEX($C$4:$C$33,Overview!$B$6-1) -> 0.036609981 | E8: =C8/(Overview!$B$14*Overview!$B$15) -> 0.80266443
A9: 6 | B9: =B8*Overview!B11 -> 20.113572 | C9: =C8+B9 -> 87.537384 | D9: =C9/INDEX($C$4:$C$33,Overview!$B$6-1) -> 0.047531308 | E9: =C9/(Overview!$B$14*Overview!$B$15) -> 1.0421117
A10: 7 | B10: =B9*Overview!B11 -> 23.130608 | C10: =C9+B10 -> 110.66799 | D10: =C10/INDEX($C$4:$C$33,Overview!$B$6-1) -> 0.060090834 | E10: =C10/(Overview!$B$14*Overview!$B$15) -> 1.3174761
A11: 8 | B11: =B10*Overview!B11 -> 26.600199 | C11: =C10+B11 -> 137.26819 | D11: =C11/INDEX($C$4:$C$33,Overview!$B$6-1) -> 0.074534289 | E11: =C11/(Overview!$B$14*Overview!$B$15) -> 1.6341451
A12: 9 | B12: =B11*Overview!B11 -> 30.590229 | C12: =C11+B12 -> 167.85842 | D12: =C12/INDEX($C$4:$C$33,Overview!$B$6-1) -> 0.091144262 | E12: =C12/(Overview!$B$14*Overview!$B$15) -> 1.9983145
A13: 10 | B13: =B12*Overview!B11 -> 35.178763 | C13: =C12+B13 -> 203.03718 | D13: =C13/INDEX($C$4:$C$33,Overview!$B$6-1) -> 0.11024573 | E13: =C13/(Overview!$B$14*Overview!$B$15) -> 2.4171093
A14: 11 | B14: =B13*Overview!B11 -> 40.455577 | C14: =C13+B14 -> 243.49276 | D14: =C14/INDEX($C$4:$C$33,Overview!$B$6-1) -> 0.13221242 | E14: =C14/(Overview!$B$14*Overview!$B$15) -> 2.8987233
A15: 12 | B15: =B14*Overview!B11 -> 46.523914 | C15: =C14+B15 -> 290.01667 | D15: =C15/INDEX($C$4:$C$33,Overview!$B$6-1) -> 0.15747411 | E15: =C15/(Overview!$B$14*Overview!$B$15) -> 3.4525794
A16: 13 | B16: =B15*Overview!B11 -> 53.502501 | C16: =C15+B16 -> 343.51917 | D16: =C16/INDEX($C$4:$C$33,Overview!$B$6-1) -> 0.18652506 | E16: =C16/(Overview!$B$14*Overview!$B$15) -> 4.089514
A17: 14 | B17: =B16*Overview!B11 -> 61.527876 | C17: =C16+B17 -> 405.04705 | D17: =C17/INDEX($C$4:$C$33,Overview!$B$6-1) -> 0.21993365 | E17: =C17/(Overview!$B$14*Overview!$B$15) -> 4.8219887
A18: 15 | B18: =B17*Overview!B11 -> 70.757058 | C18: =C17+B18 -> 475.80411 | D18: =C18/INDEX($C$4:$C$33,Overview!$B$6-1) -> 0.25835352 | E18: =C18/(Overview!$B$14*Overview!$B$15) -> 5.6643346
A19: 16 | B19: =B18*Overview!B11 -> 81.370616 | C19: =C18+B19 -> 557.17472 | D19: =C19/INDEX($C$4:$C$33,Overview!$B$6-1) -> 0.30253638 | E19: =C19/(Overview!$B$14*Overview!$B$15) -> 6.6330324
A20: 17 | B20: =B19*Overview!B11 -> 93.576209 | C20: =C19+B20 -> 650.75093 | D20: =C20/INDEX($C$4:$C$33,Overview!$B$6-1) -> 0.35334667 | E20: =C20/(Overview!$B$14*Overview!$B$15) -> 7.7470349
A21: 18 | B21: =B20*Overview!B11 -> 107.61264 | C21: =C20+B21 -> 758.36357 | D21: =C21/INDEX($C$4:$C$33,Overview!$B$6-1) -> 0.4117785 | E21: =C21/(Overview!$B$14*Overview!$B$15) -> 9.0281378
A22: 19 | B22: =B21*Overview!B11 -> 123.75454 | C22: =C21+B22 -> 882.11811 | D22: =C22/INDEX($C$4:$C$33,Overview!$B$6-1) -> 0.4789751 | E22: =C22/(Overview!$B$14*Overview!$B$15) -> 10.501406
A23: 20 | B23: =B22*Overview!B11 -> 142.31772 | C23: =C22+B23 -> 1024.4358 | D23: =C23/INDEX($C$4:$C$33,Overview!$B$6-1) -> 0.5562512 | E23: =C23/(Overview!$B$14*Overview!$B$15) -> 12.195665
A24: 21 | B24: =B23*Overview!B11 -> 163.66537 | C24: =C23+B24 -> 1188.1012 | D24: =C24/INDEX($C$4:$C$33,Overview!$B$6-1) -> 0.64511871 | E24: =C24/(Overview!$B$14*Overview!$B$15) -> 14.144062
A25: 22 | B25: =B24*Overview!B11 -> 188.21518 | C25: =C24+B25 -> 1376.3164 | D25: =C25/INDEX($C$4:$C$33,Overview!$B$6-1) -> 0.74731635 | E25: =C25/(Overview!$B$14*Overview!$B$15) -> 16.384719
A26: 23 | B26: =B25*Overview!B11 -> 216.44746 | C26: =C25+B26 -> 1592.7638 | D26: =C26/INDEX($C$4:$C$33,Overview!$B$6-1) -> 0.86484363 | E26: =C26/(Overview!$B$14*Overview!$B$15) -> 18.961474
A27: 24 | B27: =B26*Overview!B11 -> 248.91458 | C27: =C26+B27 -> 1841.6784 | D27: =C27/INDEX($C$4:$C$33,Overview!$B$6-1) -> 1 | E27: =C27/(Overview!$B$14*Overview!$B$15) -> 21.924743
A28: 25 | B28: =B27*Overview!B11 -> 286.25176 | C28: =C27+B28 -> 2127.9302 | D28: =C28/INDEX($C$4:$C$33,Overview!$B$6-1) -> 1.1554298 | E28: =C28/(Overview!$B$14*Overview!$B$15) -> 25.332502
A29: 26 | B29: =B28*Overview!B11 -> 329.18953 | C29: =C28+B29 -> 2457.1197 | D29: =C29/INDEX($C$4:$C$33,Overview!$B$6-1) -> 1.3341741 | E29: =C29/(Overview!$B$14*Overview!$B$15) -> 29.251425
A30: 27 | B30: =B29*Overview!B11 -> 378.56796 | C30: =C29+B30 -> 2835.6877 | D30: =C30/INDEX($C$4:$C$33,Overview!$B$6-1) -> 1.5397301 | E30: =C30/(Overview!$B$14*Overview!$B$15) -> 33.758186
A31: 28 | B31: =B30*Overview!B11 -> 435.35315 | C31: =C30+B31 -> 3271.0408 | D31: =C31/INDEX($C$4:$C$33,Overview!$B$6-1) -> 1.7761194 | E31: =C31/(Overview!$B$14*Overview!$B$15) -> 38.940962
A32: 29 | B32: =B31*Overview!B11 -> 500.65612 | C32: =C31+B32 -> 3771.6969 | D32: =C32/INDEX($C$4:$C$33,Overview!$B$6-1) -> 2.0479672 | E32: =C32/(Overview!$B$14*Overview!$B$15) -> 44.901154
A33: 30 | B33: =B32*Overview!B11 -> 575.75454 | C33: =C32+B33 -> 4347.4515 | D33: =C33/INDEX($C$4:$C$33,Overview!$B$6-1) -> 2.3605921 | E33: =C33/(Overview!$B$14*Overview!$B$15) -> 51.755375
A35: The 'cumulative' at Level N-1 is the total XP needed to REACH level N. Target final level's row shows the total XP budget.

Sheet Run Timeline
A1: Per-Minute Run Projection
A2: Projects level, spawn multipliers, and enemy scaling at each minute mark. Assumes linear kill rate and constant XP-per-kill.
A4: Minute | B4: Cumulative Kills | C4: Cumulative XP | D4: Projected Level | E4: Spawn Multiplier | F4: Enemy HP Multiplier | G4: Enemy DMG Multiplier
A5: 0 | B5: =A5*Overview!$B$14 -> 0 | C5: =B5*Overview!$B$15 -> 0 | D5: =IFERROR(MATCH(C5,'XP Curve'!$C$4:$C$33,1),1) -> 1 | E5: =1+(A5/Overview!$B$5)*2 -> 1 | F5: =1+(A5/Overview!$B$5)^1.3*3 -> 1 | G5: =1+(A5/Overview!$B$5)*1 -> 1
A6: 1 | B6: =A6*Overview!$B$14 -> 120 | C6: =B6*Overview!$B$15 -> 84 | D6: =IFERROR(MATCH(C6,'XP Curve'!$C$4:$C$33,1),1) -> 5 | E6: =1+(A6/Overview!$B$5)*2 -> 1.1333333 | F6: =1+(A6/Overview!$B$5)^1.3*3 -> 1.088757 | G6: =1+(A6/Overview!$B$5)*1 -> 1.0666667
A7: 2 | B7: =A7*Overview!$B$14 -> 240 | C7: =B7*Overview!$B$15 -> 168 | D7: =IFERROR(MATCH(C7,'XP Curve'!$C$4:$C$33,1),1) -> 9 | E7: =1+(A7/Overview!$B$5)*2 -> 1.2666667 | F7: =1+(A7/Overview!$B$5)^1.3*3 -> 1.2185454 | G7: =1+(A7/Overview!$B$5)*1 -> 1.1333333
A8: 3 | B8: =A8*Overview!$B$14 -> 360 | C8: =B8*Overview!$B$15 -> 252 | D8: =IFERROR(MATCH(C8,'XP Curve'!$C$4:$C$33,1),1) -> 11 | E8: =1+(A8/Overview!$B$5)*2 -> 1.4 | F8: =1+(A8/Overview!$B$5)^1.3*3 -> 1.3702203 | G8: =1+(A8/Overview!$B$5)*1 -> 1.2
A9: 4 | B9: =A9*Overview!$B$14 -> 480 | C9: =B9*Overview!$B$15 -> 336 | D9: =IFERROR(MATCH(C9,'XP Curve'!$C$4:$C$33,1),1) -> 12 | E9: =1+(A9/Overview!$B$5)*2 -> 1.5333333 | F9: =1+(A9/Overview!$B$5)^1.3*3 -> 1.5381218 | G9: =1+(A9/Overview!$B$5)*1 -> 1.2666667
A10: 5 | B10: =A10*Overview!$B$14 -> 600 | C10: =B10*Overview!$B$15 -> 420 | D10: =IFERROR(MATCH(C10,'XP Curve'!$C$4:$C$33,1),1) -> 14 | E10: =1+(A10/Overview!$B$5)*2 -> 1.6666667 | F10: =1+(A10/Overview!$B$5)^1.3*3 -> 1.7192231 | G10: =1+(A10/Overview!$B$5)*1 -> 1.3333333
A11: 6 | B11: =A11*Overview!$B$14 -> 720 | C11: =B11*Overview!$B$15 -> 504 | D11: =IFERROR(MATCH(C11,'XP Curve'!$C$4:$C$33,1),1) -> 15 | E11: =1+(A11/Overview!$B$5)*2 -> 1.8 | F11: =1+(A11/Overview!$B$5)^1.3*3 -> 1.9115894 | G11: =1+(A11/Overview!$B$5)*1 -> 1.4
A12: 7 | B12: =A12*Overview!$B$14 -> 840 | C12: =B12*Overview!$B$15 -> 588 | D12: =IFERROR(MATCH(C12,'XP Curve'!$C$4:$C$33,1),1) -> 16 | E12: =1+(A12/Overview!$B$5)*2 -> 1.9333333 | F12: =1+(A12/Overview!$B$5)^1.3*3 -> 2.1138586 | G12: =1+(A12/Overview!$B$5)*1 -> 1.4666667
A13: 8 | B13: =A13*Overview!$B$14 -> 960 | C13: =B13*Overview!$B$15 -> 672 | D13: =IFERROR(MATCH(C13,'XP Curve'!$C$4:$C$33,1),1) -> 17 | E13: =1+(A13/Overview!$B$5)*2 -> 2.0666667 | F13: =1+(A13/Overview!$B$5)^1.3*3 -> 2.3250114 | G13: =1+(A13/Overview!$B$5)*1 -> 1.5333333
A14: 9 | B14: =A14*Overview!$B$14 -> 1080 | C14: =B14*Overview!$B$15 -> 756 | D14: =IFERROR(MATCH(C14,'XP Curve'!$C$4:$C$33,1),1) -> 17 | E14: =1+(A14/Overview!$B$5)*2 -> 2.2 | F14: =1+(A14/Overview!$B$5)^1.3*3 -> 2.544251 | G14: =1+(A14/Overview!$B$5)*1 -> 1.6
A15: 10 | B15: =A15*Overview!$B$14 -> 1200 | C15: =B15*Overview!$B$15 -> 840 | D15: =IFERROR(MATCH(C15,'XP Curve'!$C$4:$C$33,1),1) -> 18 | E15: =1+(A15/Overview!$B$5)*2 -> 2.3333333 | F15: =1+(A15/Overview!$B$5)^1.3*3 -> 2.770935 | G15: =1+(A15/Overview!$B$5)*1 -> 1.6666667
A16: 11 | B16: =A16*Overview!$B$14 -> 1320 | C16: =B16*Overview!$B$15 -> 924 | D16: =IFERROR(MATCH(C16,'XP Curve'!$C$4:$C$33,1),1) -> 19 | E16: =1+(A16/Overview!$B$5)*2 -> 2.4666667 | F16: =1+(A16/Overview!$B$5)^1.3*3 -> 3.0045325 | G16: =1+(A16/Overview!$B$5)*1 -> 1.7333333
... A20: 15 | B20: =A20*Overview!$B$14 -> 1800 | C20: =B20*Overview!$B$15 -> 1260 | D20: =IFERROR(MATCH(C20,'XP Curve'!$C$4:$C$33,1),1) -> 21 | E20: =1+(A20/Overview!$B$5)*2 -> 3 | F20: =1+(A20/Overview!$B$5)^1.3*3 -> 4 | G20: =1+(A20/Overview!$B$5)*1 -> 2
A22: The scaling curves (columns E, F, G) are placeholders. Replace with real designer-authored curves when playtested.

Sheet Enemy Scaling
A1: Enemy Archetype Base Stats & Scaling
A3: Archetype | B3: Base HP | C3: Base Damage | D3: Base Speed | E3: XP On Kill | F3: Spawn Weight | G3: HP Scale Exp | H3: Notes
A4: Melee | B4: 20 | C4: 5 | D4: 3.5 | E4: 0.5 | F4: 60 | G4: 1.3 | H4: Chase + contact. Bulk of swarm.
A5: Ranged | B5: 15 | C5: 6 | D5: 2.8 | E5: 0.7 | F5: 20 | G5: 1.25 | H5: Kites, fires projectiles.
A6: Magic | B6: 25 | C6: 4 | D6: 2.2 | E6: 1 | F6: 12 | G6: 1.25 | H6: Zone control, status effects.
A7: Elite | B7: 80 | C7: 8 | D7: 3.2 | E7: 3 | F7: 7 | G7: 1.3 | H7: Modifies swarm behavior.
A8: Boss | B8: 800 | C8: 20 | D8: 2.5 | E8: 25 | F8: 1 | G8: 1.4 | H8: Era interruptor or climax.
A10: Weighted Avg XP / Kill (check) | B10: =SUMPRODUCT(E4:E8,F4:F8)/SUM(F4:F8) -> 1.02 | D10: Should approximately match Overview!B15 (avg XP/kill input). Tune individual XP drops to match.

Sheet Pick Composition
A1: Level-Up Pick Composition
A2: For each level band, defines the odds of a slot being a passive vs a hammer, and the rarity tier mix.
A4: Level Band | B4: Common % | C4: Rare % | D4: Epic % | E4: P(Passive) | F4: P(Hammer) | G4: Notes
A5: Early (1-8) | B5: 0.8 | C5: 0.18 | D5: 0.02 | E5: =1-Overview!$B$7 -> 0.667 | F5: =Overview!$B$7 -> 0.333 | G5: Mostly commons. Hammer rate locked to the overall target.
A6: Mid (9-16) | B6: 0.55 | C6: 0.37 | D6: 0.08 | E6: =1-Overview!$B$7 -> 0.667 | F6: =Overview!$B$7 -> 0.333 | G6: Rares ramp up. Epics rare but present.
A7: Late (17-25) | B7: 0.35 | C7: 0.45 | D7: 0.2 | E7: =1-Overview!$B$7 -> 0.667 | F7: =Overview!$B$7 -> 0.333 | G7: Epics appear routinely. Builds mature.
A10: Rarity Sum Check (should all be 100%)
A11: =A5 -> Early (1-8) | B11: =SUM(B5:D5) -> 1
A12: =A6 -> Mid (9-16) | B12: =SUM(B6:D6) -> 1
A13: =A7 -> Late (17-25) | B13: =SUM(B7:D7) -> 1

Sheet Passive Pool
A1: Passive Pool — Draft
A2: Seed list for Claude Code to author as ScriptableObjects. Fill in effects, authored numbers come from here later.
A4: ID | B4: Rarity | C4: Tags | D4: Effect Summary | E4: Notes
A5: Ravenous | B5: Common | C5: [OnKill][Heal] | D5: Heal 1 HP on kill. | E5: Basic sustain.
A6: Sharper Teeth | B6: Common | C6: [Melee][DamageMult] | D6: +10% damage to [Melee] attacks. | E6: Tag-filtered damage scale.
A7: Swift | B7: Common | C7: [Stat][MoveSpeed] | D7: +5% move speed. | E7: Stat stack.
A8: Quick Biter | B8: Common | C8: [Passive][Melee][Rate] | D8: Passive melee stream ticks 10% faster. | E8: Tunes passive stream.
A9: Acid Spray | B9: Rare | C9: [Acid][OnHit][AoE] | D9: On hit, [Acid] attacks splash 20% dmg in 1.5m. | E9: AoE add-on for Spit + Field.
A10: Corrosion | B10: Rare | C10: [Acid][Burn] | D10: Targets hit by [Acid] take 3dps for 2s. | E10: DoT layer for Acid tag.
A11: Pulse Overlap | B11: Rare | C11: [Nova][Radius] | D11: [Nova] attacks gain +25% radius. | E11: Tunes Pulse explicitly.
A12: Field Lingering | B12: Rare | C12: [Persistent][Duration] | D12: [Persistent] zones last +30% longer. | E12: Tunes Field.
A13: Apex Hunger | B13: Epic | C13: [OnKill][XPMult] | D13: +20% XP gained. | E13: Accelerates level pacing.
A14: Swarm Rend | B14: Epic | C14: [OnHit][Chain] | D14: Lunge hits chain to 1 additional target. | E14: Upgrade archetype of Lunge.
A15: Voidburst | B15: Epic | C15: [Void][OnLevel] | D15: On level-up, deal 50 [Void] dmg to all on-screen. | E15: Level-up becomes a weapon.
A16: Consuming Wave | B16: Epic | C16: [Nova][Heal] | D16: [Nova] hits heal 1 HP per enemy hit. | E16: Pulse becomes sustain tool.

Sheet Hammer Pool
A1: Hammer Pool — Draft
A2: Hammers mutate one of the four core attacks. Target attack is fixed per hammer. More rare than passives by design.
A4: ID | B4: Rarity | C4: Target Attack | D4: Tags Added | E4: Effect Summary | F4: Notes
A5: Ignite Lunge | B5: Rare | C5: Lunge | D5: [Fire][Burn] | E5: Lunge ignites targets for 5dps over 3s. | F5: First Fire-tag entrant.
A6: Twin Spit | B6: Rare | C6: Spit | E6: Spit fires 2 projectiles in a narrow cone. | F6: Projectile multiplier.
A7: Ringing Pulse | B7: Rare | C7: Pulse | E7: Pulse fires a second smaller ring 0.25s later. | F7: Pulse multi-wave.
A8: Sticky Field | B8: Rare | C8: Field | D8: [Slow] | E8: Corrosive Field slows enemies inside by 30%. | F8: Field adds utility.
A9: Harpoon Lunge | B9: Epic | C9: Lunge | D9: [Projectile][Chain] | E9: Lunge becomes a thrown tendril; hits chain to 2. | F9: Dash → projectile conversion.
A10: Pressurized Spit | B10: Epic | C10: Spit | D10: [Pierce] | E10: Spit pierces through enemies up to 3 times. | F10: Anti-density.
A11: Gravity Pulse | B11: Epic | C11: Pulse | D11: [Pull] | E11: Pulse pulls enemies toward player before damaging. | F11: Crowd control hammer.
A12: Infecting Field | B12: Epic | C12: Field | D12: [Spread] | E12: Enemies leaving Field carry a mini-field for 2s. | F12: Field → mobile.
